Model,AUC
ckpt1.pth,0.511283383391509
ckpt.pth,0.45602321617014363
